#,Time,%Passes,Change,Test,Pass,Partial,Fail,Untested
0,Fri Nov 13 19:48:31 EST 2020,72,72,Assignment5Suite,AddEdgeTest1+ AddEdgeTest2+ AddEdgeTest3+ AddEdgeTest4+ AddNodeTest0+ AddNodeTest1+ DelEdgeTest0+ DelEdgeTest1+ DelEdgeTest2+ DelNodeTest0+ DelNodeTest1+ DelNodeTest2+ NumEdgeTest0+ NumEdgeTest1+ NumNodeTest0+ NumNodeTest1+ , ,ShortestPathTest0- ShortestPathTest1- ShortestPathTest2- ShortestPathTest3- ShortestPathTest4- ShortestPathTest5- , ,
1,Sat Nov 14 00:57:31 EST 2020,72,0,Assignment5Suite,AddEdgeTest1 AddEdgeTest2 AddEdgeTest3 AddEdgeTest4 AddNodeTest0 AddNodeTest1 DelEdgeTest0 DelEdgeTest1 DelEdgeTest2 DelNodeTest0 DelNodeTest1 DelNodeTest2 NumEdgeTest0 NumEdgeTest1 NumNodeTest0 NumNodeTest1 , ,ShortestPathTest0 ShortestPathTest1 ShortestPathTest2 ShortestPathTest3 ShortestPathTest4 ShortestPathTest5 , ,
2,Sat Nov 14 01:20:36 EST 2020,54,-18,Assignment5Suite,AddEdgeTest1 AddEdgeTest2 AddEdgeTest3 AddEdgeTest4 AddNodeTest0 AddNodeTest1 DelNodeTest0 DelNodeTest1 DelNodeTest2 NumEdgeTest0 NumNodeTest0 NumNodeTest1 , ,DelEdgeTest0- DelEdgeTest1- DelEdgeTest2- NumEdgeTest1- ShortestPathTest0 ShortestPathTest1 ShortestPathTest2 ShortestPathTest3 ShortestPathTest4 ShortestPathTest5 , ,
3,Sat Nov 14 01:21:29 EST 2020,54,0,Assignment5Suite,AddEdgeTest1 AddEdgeTest2 AddEdgeTest3 AddEdgeTest4 AddNodeTest0 AddNodeTest1 DelNodeTest0 DelNodeTest1 DelNodeTest2 NumEdgeTest0 NumNodeTest0 NumNodeTest1 , ,DelEdgeTest0 DelEdgeTest1 DelEdgeTest2 NumEdgeTest1 ShortestPathTest0 ShortestPathTest1 ShortestPathTest2 ShortestPathTest3 ShortestPathTest4 ShortestPathTest5 , ,
4,Sat Nov 14 01:22:23 EST 2020,72,18,Assignment5Suite,AddEdgeTest1 AddEdgeTest2 AddEdgeTest3 AddEdgeTest4 AddNodeTest0 AddNodeTest1 DelEdgeTest0+ DelEdgeTest1+ DelEdgeTest2+ DelNodeTest0 DelNodeTest1 DelNodeTest2 NumEdgeTest0 NumEdgeTest1+ NumNodeTest0 NumNodeTest1 , ,ShortestPathTest0 ShortestPathTest1 ShortestPathTest2 ShortestPathTest3 ShortestPathTest4 ShortestPathTest5 , ,
5,Sat Nov 14 14:06:36 EST 2020,72,0,Assignment5Suite,AddEdgeTest1 AddEdgeTest2 AddEdgeTest3 AddEdgeTest4 AddNodeTest0 AddNodeTest1 DelEdgeTest0 DelEdgeTest1 DelEdgeTest2 DelNodeTest0 DelNodeTest1 DelNodeTest2 NumEdgeTest0 NumEdgeTest1 NumNodeTest0 NumNodeTest1 , ,ShortestPathTest0 ShortestPathTest1 ShortestPathTest2 ShortestPathTest3 ShortestPathTest4 ShortestPathTest5 , ,
6,Sat Nov 14 14:43:28 EST 2020,68,-4,Assignment5Suite,AddEdgeTest1 AddEdgeTest2 AddEdgeTest3 AddEdgeTest4 AddNodeTest0 AddNodeTest1 DelEdgeTest0 DelEdgeTest1 DelEdgeTest2 DelNodeTest1 NumEdgeTest0 NumEdgeTest1 NumNodeTest0 ShortestPathTest0+ ShortestPathTest2+ , ,DelNodeTest0- DelNodeTest2- NumNodeTest1- ShortestPathTest1 ShortestPathTest3 ShortestPathTest4 ShortestPathTest5 , ,
7,Sat Nov 14 14:45:52 EST 2020,68,0,Assignment5Suite,AddEdgeTest1 AddEdgeTest2 AddEdgeTest3 AddEdgeTest4 AddNodeTest0 AddNodeTest1 DelEdgeTest0 DelEdgeTest1 DelEdgeTest2 DelNodeTest1 NumEdgeTest0 NumEdgeTest1 NumNodeTest0 ShortestPathTest0 ShortestPathTest2 , ,DelNodeTest0 DelNodeTest2 NumNodeTest1 ShortestPathTest1 ShortestPathTest3 ShortestPathTest4 ShortestPathTest5 , ,
8,Sat Nov 14 14:47:53 EST 2020,81,13,Assignment5Suite,AddEdgeTest1 AddEdgeTest2 AddEdgeTest3 AddEdgeTest4 AddNodeTest0 AddNodeTest1 DelEdgeTest0 DelEdgeTest1 DelEdgeTest2 DelNodeTest0+ DelNodeTest1 DelNodeTest2+ NumEdgeTest0 NumEdgeTest1 NumNodeTest0 NumNodeTest1+ ShortestPathTest0 ShortestPathTest2 , ,ShortestPathTest1 ShortestPathTest3 ShortestPathTest4 ShortestPathTest5 , ,
9,Sat Nov 14 14:50:16 EST 2020,68,-13,Assignment5Suite,AddEdgeTest1 AddEdgeTest2 AddEdgeTest3 AddEdgeTest4 AddNodeTest0 AddNodeTest1 DelEdgeTest0 DelEdgeTest1 DelEdgeTest2 DelNodeTest1 NumEdgeTest0 NumEdgeTest1 NumNodeTest0 ShortestPathTest0 ShortestPathTest2 , ,DelNodeTest0- DelNodeTest2- NumNodeTest1- ShortestPathTest1 ShortestPathTest3 ShortestPathTest4 ShortestPathTest5 , ,
10,Sat Nov 14 15:07:10 EST 2020,0,-68,Assignment5Suite, , ,AddEdgeTest1- AddEdgeTest2- AddEdgeTest3- AddEdgeTest4- AddNodeTest0- AddNodeTest1- DelEdgeTest0- DelEdgeTest1- DelEdgeTest2- DelNodeTest0 DelNodeTest1- DelNodeTest2 NumEdgeTest0- NumEdgeTest1- NumNodeTest0- NumNodeTest1 ShortestPathTest0- ShortestPathTest1 ShortestPathTest2- ShortestPathTest3 ShortestPathTest4 ShortestPathTest5 , ,
11,Sat Nov 14 15:07:58 EST 2020,72,72,Assignment5Suite,AddEdgeTest1+ AddEdgeTest2+ AddEdgeTest3+ AddEdgeTest4+ AddNodeTest0+ AddNodeTest1+ DelEdgeTest0+ DelEdgeTest1+ DelEdgeTest2+ DelNodeTest0+ DelNodeTest1+ DelNodeTest2+ NumEdgeTest0+ NumEdgeTest1+ NumNodeTest0+ NumNodeTest1+ , ,ShortestPathTest0 ShortestPathTest1 ShortestPathTest2 ShortestPathTest3 ShortestPathTest4 ShortestPathTest5 , ,
12,Sat Nov 14 15:14:01 EST 2020,90,18,Assignment5Suite,AddEdgeTest1 AddEdgeTest2 AddEdgeTest3 AddEdgeTest4 AddNodeTest0 AddNodeTest1 DelEdgeTest0 DelEdgeTest1 DelEdgeTest2 DelNodeTest0 DelNodeTest1 DelNodeTest2 NumEdgeTest0 NumEdgeTest1 NumNodeTest0 NumNodeTest1 ShortestPathTest0+ ShortestPathTest1+ ShortestPathTest2+ ShortestPathTest4+ , ,ShortestPathTest3 ShortestPathTest5 , ,
13,Sat Nov 14 15:15:18 EST 2020,72,-18,Assignment5Suite,AddEdgeTest1 AddEdgeTest2 AddEdgeTest3 AddEdgeTest4 AddNodeTest0 AddNodeTest1 DelEdgeTest0 DelEdgeTest1 DelEdgeTest2 DelNodeTest0 DelNodeTest1 DelNodeTest2 NumEdgeTest0 NumEdgeTest1 NumNodeTest0 NumNodeTest1 , ,ShortestPathTest0- ShortestPathTest1- ShortestPathTest2- ShortestPathTest3 ShortestPathTest4- ShortestPathTest5 , ,
14,Sat Nov 14 15:15:36 EST 2020,77,5,Assignment5Suite,AddEdgeTest1 AddEdgeTest2 AddEdgeTest3 AddEdgeTest4 AddNodeTest0 AddNodeTest1 DelEdgeTest0 DelEdgeTest1 DelEdgeTest2 DelNodeTest0 DelNodeTest1 DelNodeTest2 NumEdgeTest0 NumEdgeTest1 NumNodeTest0 NumNodeTest1 ShortestPathTest2+ , ,ShortestPathTest0 ShortestPathTest1 ShortestPathTest3 ShortestPathTest4 ShortestPathTest5 , ,
15,Sat Nov 14 15:17:44 EST 2020,86,9,Assignment5Suite,AddEdgeTest1 AddEdgeTest2 AddEdgeTest3 AddEdgeTest4 AddNodeTest0 AddNodeTest1 DelEdgeTest0 DelEdgeTest1 DelEdgeTest2 DelNodeTest0 DelNodeTest1 DelNodeTest2 NumEdgeTest0 NumEdgeTest1 NumNodeTest0 NumNodeTest1 ShortestPathTest0+ ShortestPathTest2 ShortestPathTest4+ , ,ShortestPathTest1 ShortestPathTest3 ShortestPathTest5 , ,
16,Sat Nov 14 15:21:09 EST 2020,90,4,Assignment5Suite,AddEdgeTest1 AddEdgeTest2 AddEdgeTest3 AddEdgeTest4 AddNodeTest0 AddNodeTest1 DelEdgeTest0 DelEdgeTest1 DelEdgeTest2 DelNodeTest0 DelNodeTest1 DelNodeTest2 NumEdgeTest0 NumEdgeTest1 NumNodeTest0 NumNodeTest1 ShortestPathTest0 ShortestPathTest1+ ShortestPathTest2 ShortestPathTest4 , ,ShortestPathTest3 ShortestPathTest5 , ,
17,Sat Nov 14 16:02:35 EST 2020,100,10,Assignment5Suite,AddEdgeTest1 AddEdgeTest2 AddEdgeTest3 AddEdgeTest4 AddNodeTest0 AddNodeTest1 DelEdgeTest0 DelEdgeTest1 DelEdgeTest2 DelNodeTest0 DelNodeTest1 DelNodeTest2 NumEdgeTest0 NumEdgeTest1 NumNodeTest0 NumNodeTest1 ShortestPathTest0 ShortestPathTest1 ShortestPathTest2 ShortestPathTest3+ ShortestPathTest4 ShortestPathTest5+ , , , ,
18,Sat Nov 14 16:03:15 EST 2020,100,0,Assignment5Suite,AddEdgeTest1 AddEdgeTest2 AddEdgeTest3 AddEdgeTest4 AddNodeTest0 AddNodeTest1 DelEdgeTest0 DelEdgeTest1 DelEdgeTest2 DelNodeTest0 DelNodeTest1 DelNodeTest2 NumEdgeTest0 NumEdgeTest1 NumNodeTest0 NumNodeTest1 ShortestPathTest0 ShortestPathTest1 ShortestPathTest2 ShortestPathTest3 ShortestPathTest4 ShortestPathTest5 , , , ,
19,Sat Nov 14 16:04:32 EST 2020,100,0,Assignment5Suite,AddEdgeTest1 AddEdgeTest2 AddEdgeTest3 AddEdgeTest4 AddNodeTest0 AddNodeTest1 DelEdgeTest0 DelEdgeTest1 DelEdgeTest2 DelNodeTest0 DelNodeTest1 DelNodeTest2 NumEdgeTest0 NumEdgeTest1 NumNodeTest0 NumNodeTest1 ShortestPathTest0 ShortestPathTest1 ShortestPathTest2 ShortestPathTest3 ShortestPathTest4 ShortestPathTest5 , , , ,
20,Tue Nov 17 14:08:25 EST 2020,100,0,Assignment5Suite,AddEdgeTest1 AddEdgeTest2 AddEdgeTest3 AddEdgeTest4 AddNodeTest0 AddNodeTest1 DelEdgeTest0 DelEdgeTest1 DelEdgeTest2 DelNodeTest0 DelNodeTest1 DelNodeTest2 NumEdgeTest0 NumEdgeTest1 NumNodeTest0 NumNodeTest1 ShortestPathTest0 ShortestPathTest1 ShortestPathTest2 ShortestPathTest3 ShortestPathTest4 ShortestPathTest5 , , , ,
21,Wed Nov 18 16:45:10 EST 2020,100,0,Assignment5Suite,AddEdgeTest1 AddEdgeTest2 AddEdgeTest3 AddEdgeTest4 AddNodeTest0 AddNodeTest1 DelEdgeTest0 DelEdgeTest1 DelEdgeTest2 DelNodeTest0 DelNodeTest1 DelNodeTest2 NumEdgeTest0 NumEdgeTest1 NumNodeTest0 NumNodeTest1 ShortestPathTest0 ShortestPathTest1 ShortestPathTest2 ShortestPathTest3 ShortestPathTest4 ShortestPathTest5 , , , ,
